{"count": 7, "mean": 14.372874595532801, "var": 5.471866247181929}