{"count": 10, "mean": 14.23569079636693, "var": 3.7744755394262355}